                  epoch,         train/box_loss,         train/cls_loss,         train/dfl_loss,   metrics/precision(B),      metrics/recall(B),       metrics/mAP50(B),    metrics/mAP50-95(B),           val/box_loss,           val/cls_loss,           val/dfl_loss,                 lr/pg0,                 lr/pg1,                 lr/pg2
                      1,                 2.8618,                 4.0294,                 3.0989,                0.00333,                      1,                 0.0284,                0.01218,                 2.0613,                 4.3463,                 2.8333,                  4e-05,                  4e-05,                  4e-05
                      2,                 2.3529,                 3.4255,                  2.534,                0.00333,                      1,                0.03505,                0.01066,                 2.3226,                 4.7101,                 3.1609,             9.9802e-05,             9.9802e-05,             9.9802e-05
                      3,                 2.3208,                 3.4509,                 2.5476,                0.00333,                      1,                0.08179,                0.02261,                 2.0109,                 4.4374,                 3.0498,             0.00015937,             0.00015937,             0.00015937
                      4,                 1.2355,                 2.8063,                 1.6623,                0.00333,                      1,                0.32698,                0.17787,                0.99409,                 3.6145,                  1.541,             0.00021869,             0.00021869,             0.00021869
                      5,                0.81572,                 2.1542,                 1.3446,                0.00333,                      1,                0.86317,                0.53466,                0.64633,                 3.2433,                  1.238,             0.00027778,             0.00027778,             0.00027778
                      6,                0.84376,                 1.5716,                 1.2651,                0.00333,                      1,                  0.995,                0.73659,                0.50826,                 2.8452,                 1.0075,             0.00033663,             0.00033663,             0.00033663
                      7,                0.71814,                 1.3107,                 1.1103,                0.72307,                0.77778,                0.81659,                 0.4135,                0.88002,                 3.1289,                 1.2988,             0.00039525,             0.00039525,             0.00039525
                      8,                0.99674,                 1.4489,                 1.4115,                0.51422,                0.23803,                0.63835,                0.46644,                0.66754,                 3.0701,                 1.1805,             0.00045362,             0.00045362,             0.00045362
                      9,                0.92578,                  1.949,                 1.4603,                0.00333,                      1,                0.85305,                 0.6827,                0.68828,                 3.0963,                 1.1615,             0.00051176,             0.00051176,             0.00051176
                     10,                0.68966,                 1.1319,                  1.088,                0.00333,                      1,                0.77775,                 0.6055,                0.74119,                 3.1607,                 1.1668,             0.00056966,             0.00056966,             0.00056966
                     11,                0.62253,                 1.1606,                 1.1446,                0.82861,                0.33333,                 0.7347,                0.48242,                 1.0647,                 3.3322,                 1.4114,             0.00062733,             0.00062733,             0.00062733
                     12,                0.82766,                  1.591,                 1.4237,                      1,                0.44052,                0.79619,                0.60489,                0.77216,                 3.0373,                 1.1813,             0.00068475,             0.00068475,             0.00068475
                     13,                0.67008,                 1.1971,                 1.0445,                0.84114,                  0.592,                0.77893,                0.51776,                0.94368,                 2.7804,                  1.358,             0.00074194,             0.00074194,             0.00074194
                     14,                 0.6489,                 1.1231,                 1.1058,                0.94012,                0.66667,                0.82057,                0.61743,                0.98595,                  2.909,                 1.4174,             0.00079889,             0.00079889,             0.00079889
                     15,                0.67994,                 1.2035,                 1.0397,                0.72351,                0.55556,                 0.6884,                0.37996,                 1.9608,                 4.1268,                 3.2898,             0.00085561,             0.00085561,             0.00085561
                     16,                0.87564,                  1.264,                 1.1673,                0.45593,                0.88889,                0.68071,                0.23074,                 2.5809,                 6.1605,                 6.1567,             0.00091208,             0.00091208,             0.00091208
                     17,                0.92761,                 1.3174,                 1.3303,                0.76582,                0.88889,                0.73465,                0.49907,                0.88916,                 3.1722,                 1.5291,             0.00096832,             0.00096832,             0.00096832
                     18,                0.81752,                 1.2283,                 1.1396,                0.85927,                0.88889,                0.85187,                0.76132,                0.60556,                 2.4825,                 1.1521,              0.0010243,              0.0010243,              0.0010243
                     19,                0.63149,                 1.1572,                 1.0876,                0.98859,                0.88889,                0.88625,                0.74086,                0.61193,                 2.2294,                 1.1857,              0.0010801,              0.0010801,              0.0010801
                     20,                0.67283,                 1.2848,                 1.2612,                0.98343,                0.88889,                0.88593,                0.70511,                0.78335,                 2.6296,                 1.5514,              0.0011356,              0.0011356,              0.0011356
                     21,                0.62985,                 1.0344,                 1.0544,                0.96417,                0.88889,                0.88618,                0.72336,                0.80444,                 2.7442,                 1.6809,              0.0011909,              0.0011909,              0.0011909
                     22,                0.57979,                 1.0829,                  1.034,                0.98033,                0.88889,                  0.918,                0.68414,                0.75525,                 2.2966,                 1.3507,              0.0012459,              0.0012459,              0.0012459
                     23,                0.60356,                   1.02,                 1.0876,                  0.987,                0.88889,                0.92167,                 0.7121,                0.78147,                 1.9238,                 1.4138,              0.0013008,              0.0013008,              0.0013008
                     24,                 1.0658,                 1.5292,                 1.5043,                0.99029,                0.88889,                0.88921,                0.62642,                  1.146,                 2.1029,                 2.0872,              0.0013553,              0.0013553,              0.0013553
                     25,                0.96526,                 1.6278,                 1.3529,                 0.9819,                0.88889,                0.88726,                0.61389,                 1.2024,                 1.9766,                 2.0321,              0.0014097,              0.0014097,              0.0014097
                     26,                0.70339,                 1.0252,                  1.082,                0.98814,                0.88889,                0.88753,                0.71609,                0.75243,                 1.7087,                 1.3268,              0.0014638,              0.0014638,              0.0014638
                     27,                0.55123,                0.92336,                0.98575,                0.80313,                0.66667,                0.76156,                0.68723,                0.61162,                 2.1079,                 1.2604,              0.0015176,              0.0015176,              0.0015176
                     28,                0.71071,                0.90537,                  1.101,                0.53382,                0.88889,                0.72785,                 0.6474,                0.60228,                 2.1762,                 1.2164,              0.0015713,              0.0015713,              0.0015713
                     29,                0.55908,                0.95764,                 1.0912,                0.53382,                0.88889,                0.72785,                 0.6474,                0.60228,                 2.1762,                 1.2164,              0.0016246,              0.0016246,              0.0016246
                     30,                0.90764,                 3.4327,                 1.3375,                0.95891,                0.44444,                 0.6466,                0.56237,                0.79951,                 2.3036,                 1.4467,              0.0016778,              0.0016778,              0.0016778
                     31,                0.64514,                 1.3854,                 1.0181,                0.15212,                0.22222,                0.12704,                0.08052,                 1.3725,                 3.7805,                 2.3485,              0.0017307,              0.0017307,              0.0017307
                     32,                0.88767,                0.90828,                 1.0599,                0.30091,                0.44444,                0.41072,                0.26332,                 1.3389,                  2.963,                 2.5481,              0.0017834,              0.0017834,              0.0017834
                     33,                0.61309,                0.97623,                 1.0778,                0.30091,                0.44444,                0.41072,                0.26332,                 1.3389,                  2.963,                 2.5481,              0.0018358,              0.0018358,              0.0018358
                     34,                0.80856,                0.94194,                 1.1797,                0.79364,                0.85711,                0.86252,                0.62043,                0.98816,                 2.5248,                  2.245,              0.0018693,              0.0018693,              0.0018693
                     35,                0.70272,                0.90188,                  1.128,                0.93411,                0.66667,                0.81701,                0.41029,                 1.3757,                 2.2549,                 2.5178,              0.0018693,              0.0018693,              0.0018693
                     36,                0.51879,                0.81834,                 1.0238,                      1,                0.88271,                0.88715,                0.54839,                 1.3028,                 1.7302,                 2.4945,              0.0018654,              0.0018654,              0.0018654
                     37,                0.70352,                0.99422,                 1.0353,                      1,                0.88271,                0.88715,                0.54839,                 1.3028,                 1.7302,                 2.4945,              0.0018614,              0.0018614,              0.0018614
                     38,                0.66603,                0.89268,                 1.0701,                0.87813,                0.88889,                0.87526,                0.54752,                 1.2758,                 1.9083,                   3.31,              0.0018574,              0.0018574,              0.0018574
                     39,                0.69946,                0.89657,                 1.0592,                0.97833,                0.88889,                0.88675,                0.69344,                0.95068,                 1.8139,                 2.4749,              0.0018535,              0.0018535,              0.0018535
                     40,                0.66712,                 1.0319,                 1.1019,                0.95059,                0.66667,                0.79093,                 0.5853,                0.84056,                  1.992,                   1.47,              0.0018495,              0.0018495,              0.0018495
                     41,                0.77314,                 1.2543,                 1.1313,                0.95059,                0.66667,                0.79093,                 0.5853,                0.84056,                  1.992,                   1.47,              0.0018456,              0.0018456,              0.0018456
                     42,                0.65299,                0.94267,                 1.1378,                      1,                 0.7449,                0.81126,                0.50307,                 1.0489,                 2.2144,                 1.6109,              0.0018416,              0.0018416,              0.0018416
                     43,                0.72466,                0.87107,                 1.0882,                0.39934,                0.44444,                0.47287,                0.23708,                 1.6482,                 2.7256,                 2.1704,              0.0018376,              0.0018376,              0.0018376
                     44,                0.79467,                 1.0302,                 1.1567,                0.10659,                0.55556,                0.13303,                0.07544,                 1.3724,                 2.9893,                 1.7932,              0.0018337,              0.0018337,              0.0018337
                     45,                0.89418,                 1.0057,                 1.2096,                0.10659,                0.55556,                0.13303,                0.07544,                 1.3724,                 2.9893,                 1.7932,              0.0018297,              0.0018297,              0.0018297
                     46,                 0.8016,                0.87038,                 1.2133,                 0.2241,                0.33333,                0.19041,                0.15682,                0.77788,                 2.6031,                 1.2059,              0.0018258,              0.0018258,              0.0018258
                     47,                0.76076,                 1.2205,                 1.2094,                0.17452,                0.66667,                0.16631,                0.10222,                0.95933,                 2.7604,                  1.316,              0.0018218,              0.0018218,              0.0018218
                     48,                0.69843,                0.84709,                 1.1061,                0.25771,                0.77174,                0.25044,                0.13829,                0.97795,                  2.931,                  1.315,              0.0018178,              0.0018178,              0.0018178
                     49,                0.70274,                0.84261,                 1.1209,                0.25771,                0.77174,                0.25044,                0.13829,                0.97795,                  2.931,                  1.315,              0.0018139,              0.0018139,              0.0018139
                     50,                 0.5967,                 1.2911,                 1.1185,                0.17302,                0.66667,                 0.1833,                0.10852,                0.91666,                 2.8938,                 1.2997,              0.0018099,              0.0018099,              0.0018099
                     51,                0.66677,                0.77192,                 1.0955,                0.23943,                0.77778,                0.24435,                0.12077,                 1.1603,                 2.6621,                 1.5925,               0.001806,               0.001806,               0.001806
                     52,                0.74804,                 1.0074,                 1.1737,                0.21679,                0.55556,                0.20637,                0.10227,                0.95639,                  2.997,                 1.3699,               0.001802,               0.001802,               0.001802
                     53,                0.66745,                0.73998,                 1.0637,                0.21679,                0.55556,                0.20637,                0.10227,                0.95639,                  2.997,                 1.3699,               0.001798,               0.001798,               0.001798
                     54,                0.67788,                 0.7898,                 1.0532,                0.21731,                0.55556,                0.21705,                0.11169,                 1.0521,                  2.385,                 1.4331,              0.0017941,              0.0017941,              0.0017941
                     55,                0.72768,                0.80494,                 1.0626,                0.49068,                0.55556,                0.59148,                0.39282,                0.97955,                 1.8825,                 1.3779,              0.0017901,              0.0017901,              0.0017901
                     56,                  0.675,                0.79699,                 1.0992,                 0.8777,                0.88889,                0.94893,                0.79999,                0.79443,                 1.4449,                 1.2055,              0.0017862,              0.0017862,              0.0017862
                     57,                0.69746,                0.70553,                 1.0529,                 0.8777,                0.88889,                0.94893,                0.79999,                0.79443,                 1.4449,                 1.2055,              0.0017822,              0.0017822,              0.0017822
                     58,                0.80108,                0.87613,                 1.3755,                0.92883,                0.88889,                 0.9675,                0.85579,                0.59449,                 1.2675,                 1.0402,              0.0017782,              0.0017782,              0.0017782
                     59,                0.95847,                0.90428,                 1.2668,                0.95356,                0.88889,                  0.984,                0.86362,                0.62664,                 1.1772,                 1.0729,              0.0017743,              0.0017743,              0.0017743
                     60,                0.73683,                0.71389,                 1.1243,                0.97797,                0.88889,                  0.984,                  0.822,                0.77391,                 1.1926,                 1.2293,              0.0017703,              0.0017703,              0.0017703
                     61,                0.66621,                0.69206,                 1.0889,                0.97797,                0.88889,                  0.984,                  0.822,                0.77391,                 1.1926,                 1.2293,              0.0017664,              0.0017664,              0.0017664
                     62,                0.82134,                0.90803,                  1.176,                0.98383,                      1,                  0.995,                0.52076,                  1.322,                 1.4383,                 1.8719,              0.0017624,              0.0017624,              0.0017624
                     63,                0.70703,                0.89263,                 1.1098,                0.87027,                      1,                  0.984,                0.60554,                  1.139,                 1.2727,                 1.5133,              0.0017584,              0.0017584,              0.0017584
                     64,                0.79063,                0.95531,                 1.1959,                0.98136,                      1,                  0.995,                0.88273,                0.61789,                 1.1988,                 1.0555,              0.0017545,              0.0017545,              0.0017545
                     65,                0.60556,                 0.7394,                 1.0347,                0.98136,                      1,                  0.995,                0.88273,                0.61789,                 1.1988,                 1.0555,              0.0017505,              0.0017505,              0.0017505
                     66,                0.58909,                 0.7767,                 1.0894,                0.97467,                      1,                  0.995,                0.79572,                0.60098,                 1.1326,                 1.0487,              0.0017466,              0.0017466,              0.0017466
                     67,                0.64603,                0.68338,                 1.0431,                0.97952,                      1,                  0.995,                0.82363,                0.65186,                 1.0143,                 1.2873,              0.0017426,              0.0017426,              0.0017426
                     68,                0.85634,                0.77322,                 1.3009,                0.98721,                      1,                  0.995,                0.81148,                0.72232,                0.88116,                 1.4775,              0.0017386,              0.0017386,              0.0017386
                     69,                0.67417,                0.80098,                  1.113,                0.98721,                      1,                  0.995,                0.81148,                0.72232,                0.88116,                 1.4775,              0.0017347,              0.0017347,              0.0017347
                     70,                0.65562,                0.73667,                 1.0598,                0.98992,                      1,                  0.995,                0.80844,                0.66101,                0.97567,                 1.2167,              0.0017307,              0.0017307,              0.0017307
                     71,                0.70274,                0.75611,                 1.1569,                0.98504,                      1,                  0.995,                0.87021,                0.64205,                0.89831,                 1.1254,              0.0017268,              0.0017268,              0.0017268
                     72,                0.79157,                 1.0433,                 1.2617,                0.80512,                 0.9202,                0.96278,                0.86204,                0.60764,                 1.1765,                 1.0939,              0.0017228,              0.0017228,              0.0017228
                     73,                0.61916,                0.70255,                 1.0551,                0.80512,                 0.9202,                0.96278,                0.86204,                0.60764,                 1.1765,                 1.0939,              0.0017188,              0.0017188,              0.0017188
                     74,                0.62599,                0.72763,                 1.0504,                0.86818,                0.73532,                0.85161,                 0.5724,                0.97693,                 1.8449,                 1.2797,              0.0017149,              0.0017149,              0.0017149
                     75,                0.73297,                 0.7029,                  1.111,                0.84267,                0.77778,                0.91996,                0.55258,                0.97466,                 1.3338,                  1.271,              0.0017109,              0.0017109,              0.0017109
                     76,                 0.6551,                0.65997,                 1.0498,                0.99331,                      1,                  0.995,                 0.6846,                0.87392,                0.97301,                 1.2319,               0.001707,               0.001707,               0.001707
                     77,                0.62269,                0.61779,                 1.0085,                0.99331,                      1,                  0.995,                 0.6846,                0.87392,                0.97301,                 1.2319,               0.001703,               0.001703,               0.001703
                     78,                0.60544,                0.59409,                 1.0335,                0.98898,                      1,                  0.995,                 0.8401,                0.59472,                0.75719,                  1.078,               0.001699,               0.001699,               0.001699
                     79,                0.62571,                0.66295,                 1.0265,                0.99212,                      1,                  0.995,                0.84797,                0.54455,                0.62983,                 1.0199,              0.0016951,              0.0016951,              0.0016951
                     80,                0.58179,                0.59402,                 1.0311,                0.99328,                      1,                  0.995,                0.89592,                0.58002,                0.58344,                 1.0531,              0.0016911,              0.0016911,              0.0016911
                     81,                0.67897,                0.68449,                 1.1114,                0.99328,                      1,                  0.995,                0.89592,                0.58002,                0.58344,                 1.0531,              0.0016872,              0.0016872,              0.0016872
                     82,                0.66526,                 1.4377,                 1.1698,                0.96193,                      1,                  0.995,                0.88817,                0.61359,                 0.6628,                 1.0491,              0.0016832,              0.0016832,              0.0016832
                     83,                0.67918,                0.70426,                 1.1056,                0.94573,                      1,                  0.995,                0.76572,                0.80761,                0.90277,                 1.1327,              0.0016792,              0.0016792,              0.0016792
                     84,                0.58877,                0.58777,                 1.0317,                0.98534,                      1,                  0.995,                0.75732,                 0.8397,                0.97238,                 1.2462,              0.0016753,              0.0016753,              0.0016753
                     85,                0.66262,                0.67045,                 1.0577,                0.98534,                      1,                  0.995,                0.75732,                 0.8397,                0.97238,                 1.2462,              0.0016713,              0.0016713,              0.0016713
                     86,                0.82837,                0.75405,                 1.1671,                0.97094,                      1,                  0.995,                0.80949,                0.73511,                 1.1026,                  1.221,              0.0016674,              0.0016674,              0.0016674
                     87,                0.65591,                 0.6638,                 1.0402,                0.89452,                0.94516,                  0.951,                0.78621,                0.70248,                 1.1819,                 1.1931,              0.0016634,              0.0016634,              0.0016634
                     88,                 1.2871,                  1.432,                 1.6139,                 0.9102,                      1,                  0.995,                0.84939,                0.63412,                0.91609,                 1.1465,              0.0016594,              0.0016594,              0.0016594
                     89,                0.66786,                0.74876,                 1.1578,                 0.9102,                      1,                  0.995,                0.84939,                0.63412,                0.91609,                 1.1465,              0.0016555,              0.0016555,              0.0016555
                     90,                0.80885,                0.94778,                 1.1994,                0.97588,                      1,                  0.995,                0.84451,                0.64864,                0.85409,                 1.0861,              0.0016515,              0.0016515,              0.0016515
                     91,                0.72948,                0.67749,                  1.083,                 0.9897,                      1,                  0.995,                0.81833,                0.58433,                0.73931,                 1.0091,              0.0016476,              0.0016476,              0.0016476
                     92,                0.57381,                0.65496,                 1.0736,                0.99196,                      1,                  0.995,                0.84811,                0.53908,                0.66762,                 0.9994,              0.0016436,              0.0016436,              0.0016436
                     93,                0.61785,                0.60147,                 1.0314,                0.99196,                      1,                  0.995,                0.84811,                0.53908,                0.66762,                 0.9994,              0.0016396,              0.0016396,              0.0016396
                     94,                0.67275,                0.75351,                  1.096,                0.99381,                      1,                  0.995,                0.86457,                0.55038,                0.65762,                  1.007,              0.0016357,              0.0016357,              0.0016357
                     95,                0.77076,                0.76634,                 1.0242,                0.99285,                      1,                  0.995,                0.90305,                0.51638,                0.66242,                 1.0039,              0.0016317,              0.0016317,              0.0016317
                     96,                0.60046,                0.62639,                 1.1384,                0.98608,                      1,                  0.995,                0.89457,                0.47971,                0.73231,                 0.9118,              0.0016278,              0.0016278,              0.0016278
                     97,                0.57431,                0.57998,                 1.0439,                0.98608,                      1,                  0.995,                0.89457,                0.47971,                0.73231,                 0.9118,              0.0016238,              0.0016238,              0.0016238
                     98,                0.71958,                 0.6299,                 1.1282,                0.97412,                      1,                  0.995,                0.88227,                0.60874,                0.80048,                 1.0072,              0.0016198,              0.0016198,              0.0016198
                     99,                0.85959,                0.70207,                 1.1775,                 0.9851,                      1,                  0.995,                0.81781,                 0.7985,                0.79843,                 1.1818,              0.0016159,              0.0016159,              0.0016159
                    100,                0.75175,                0.59613,                 1.1679,                0.99484,                      1,                  0.995,                0.85504,                  0.753,                0.69262,                 1.1152,              0.0016119,              0.0016119,              0.0016119
                    101,                0.61923,                0.65102,                 1.0567,                0.99484,                      1,                  0.995,                0.85504,                  0.753,                0.69262,                 1.1152,               0.001608,               0.001608,               0.001608
                    102,                0.60795,                0.59323,                 1.0158,                      1,                0.99403,                  0.995,                 0.8853,                0.59268,                0.59683,                 1.0403,               0.001604,               0.001604,               0.001604
                    103,                0.66308,                0.61586,                 1.0499,                      1,                0.99499,                  0.995,                0.87653,                0.56144,                0.53877,                 1.1085,                 0.0016,                 0.0016,                 0.0016
                    104,                0.68563,                0.60367,                 1.1036,                0.99758,                      1,                  0.995,                 0.8627,                0.57517,                0.50462,                 1.1551,              0.0015961,              0.0015961,              0.0015961
                    105,                0.63672,                0.57054,                 1.0165,                0.99758,                      1,                  0.995,                 0.8627,                0.57517,                0.50462,                 1.1551,              0.0015921,              0.0015921,              0.0015921
                    106,                0.64156,                0.55837,                 1.0078,                0.99449,                      1,                  0.995,                0.86472,                 0.5622,                 0.4589,                 1.1238,              0.0015882,              0.0015882,              0.0015882
                    107,                0.81655,                0.63066,                 1.1465,                0.99366,                      1,                  0.995,                 0.8883,                0.52401,                0.45535,                 1.0405,              0.0015842,              0.0015842,              0.0015842
                    108,                0.68897,                0.55724,                 1.1073,                0.99207,                      1,                  0.995,                0.90534,                0.49347,                0.44548,                0.98449,              0.0015802,              0.0015802,              0.0015802
                    109,                0.73367,                0.55413,                 1.1962,                0.99207,                      1,                  0.995,                0.90534,                0.49347,                0.44548,                0.98449,              0.0015763,              0.0015763,              0.0015763
                    110,                0.65234,                0.56763,                 1.0705,                0.98891,                      1,                  0.995,                  0.923,                0.55686,                0.48149,                 1.0294,              0.0015723,              0.0015723,              0.0015723
                    111,                0.78757,                0.56973,                 1.2359,                0.97969,                      1,                  0.995,                0.87693,                0.56919,                0.58153,                 1.0219,              0.0015684,              0.0015684,              0.0015684
                    112,                0.52906,                0.50829,                0.96871,                0.98653,                      1,                  0.995,                 0.9116,                0.50465,                0.52973,                 0.9578,              0.0015644,              0.0015644,              0.0015644
                    113,                0.62113,                 0.5385,                 1.0112,                0.98653,                      1,                  0.995,                 0.9116,                0.50465,                0.52973,                 0.9578,              0.0015604,              0.0015604,              0.0015604
                    114,                0.62929,                0.48679,                0.98345,                0.99224,                      1,                  0.995,                0.94193,                0.44944,                0.47786,                0.92347,              0.0015565,              0.0015565,              0.0015565
                    115,                0.82968,                 0.6597,                 1.2294,                      1,                 0.9973,                  0.995,                0.88792,                0.47146,                0.45434,                 0.9662,              0.0015525,              0.0015525,              0.0015525
                    116,                0.61587,                0.54681,                0.99172,                0.98669,                      1,                  0.995,                0.90271,                 0.4741,                0.48786,                 0.9865,              0.0015486,              0.0015486,              0.0015486
                    117,                0.59847,                0.58263,                0.99775,                0.98669,                      1,                  0.995,                0.90271,                 0.4741,                0.48786,                 0.9865,              0.0015446,              0.0015446,              0.0015446
                    118,                0.48192,                0.48076,                  1.025,                0.94319,                      1,                  0.995,                0.92225,                0.43576,                0.55225,                0.94511,              0.0015406,              0.0015406,              0.0015406
                    119,                0.51687,                0.44578,                0.97355,                      1,                0.99385,                  0.995,                 0.8783,                0.47605,                0.66352,                 0.9575,              0.0015367,              0.0015367,              0.0015367
                    120,                0.70817,                0.50418,                 1.2319,                0.85471,                      1,                  0.984,                 0.8563,                0.51754,                0.64643,                0.97405,              0.0015327,              0.0015327,              0.0015327
                    121,                0.50566,                0.54762,                 1.0705,                0.85471,                      1,                  0.984,                 0.8563,                0.51754,                0.64643,                0.97405,              0.0015288,              0.0015288,              0.0015288
                    122,                0.52023,                0.51892,                 1.0375,                0.89686,                      1,                  0.984,                0.86738,                0.54482,                0.56203,                 0.9761,              0.0015248,              0.0015248,              0.0015248
                    123,                0.62537,                0.57547,                 1.0914,                0.80791,                      1,                  0.975,                0.85213,                0.62826,                0.64931,                 1.0416,              0.0015208,              0.0015208,              0.0015208
                    124,                 0.6806,                0.60253,                 1.0589,                0.98622,                      1,                  0.995,                0.86677,                 0.6078,                0.52406,                 1.0101,              0.0015169,              0.0015169,              0.0015169
                    125,                 0.6615,                0.59283,                  1.096,                0.98622,                      1,                  0.995,                0.86677,                 0.6078,                0.52406,                 1.0101,              0.0015129,              0.0015129,              0.0015129
                    126,                0.58264,                0.57182,                 1.0308,                0.99395,                      1,                  0.995,                0.91779,                0.45708,                0.48369,                0.94524,               0.001509,               0.001509,               0.001509
                    127,                0.55211,                0.53817,                 1.0077,                0.99392,                      1,                  0.995,                0.94186,                0.42519,                0.45623,                0.92982,               0.001505,               0.001505,               0.001505
                    128,                0.56812,                0.57075,                 1.0148,                0.99442,                      1,                  0.995,                 0.9455,                0.38697,                0.44062,                0.89177,               0.001501,               0.001501,               0.001501
                    129,                0.61587,                0.58797,                 1.0391,                0.99442,                      1,                  0.995,                 0.9455,                0.38697,                0.44062,                0.89177,              0.0014971,              0.0014971,              0.0014971
                    130,                0.59932,                0.54064,                 1.0147,                 0.9987,                      1,                  0.995,                0.91975,                0.37958,                0.42468,                0.88379,              0.0014931,              0.0014931,              0.0014931
                    131,                0.62258,                  0.588,                 1.0223,                      1,                0.99548,                  0.995,                0.95689,                0.36425,                0.37699,                0.85587,              0.0014892,              0.0014892,              0.0014892
                    132,                0.55026,                0.50182,                0.96428,                0.99533,                      1,                  0.995,                0.91473,                0.36129,                0.36929,                0.83895,              0.0014852,              0.0014852,              0.0014852
                    133,                0.69745,                0.54171,                 1.1281,                0.99533,                      1,                  0.995,                0.91473,                0.36129,                0.36929,                0.83895,              0.0014812,              0.0014812,              0.0014812
                    134,                0.52936,                0.45935,                0.96194,                0.99558,                      1,                  0.995,                0.93194,                0.37384,                0.38806,                0.85739,              0.0014773,              0.0014773,              0.0014773
                    135,                0.59782,                0.52327,                 1.0214,                  0.995,                      1,                  0.995,                 0.9209,                0.41657,                0.37945,                0.88383,              0.0014733,              0.0014733,              0.0014733
                    136,                0.51808,                0.54772,                 1.0329,                0.99448,                      1,                  0.995,                0.91873,                0.39567,                 0.3527,                0.87025,              0.0014694,              0.0014694,              0.0014694
                    137,                0.56785,                0.47457,                 1.0311,                0.99448,                      1,                  0.995,                0.91873,                0.39567,                 0.3527,                0.87025,              0.0014654,              0.0014654,              0.0014654
                    138,                0.64481,                0.55443,                 1.0694,                0.99469,                      1,                  0.995,                0.92239,                 0.4618,                0.39592,                0.92238,              0.0014614,              0.0014614,              0.0014614
                    139,                0.58336,                0.52909,                 1.0348,                0.99434,                      1,                  0.995,                0.91207,                0.47075,                0.40757,                0.94449,              0.0014575,              0.0014575,              0.0014575
                    140,                0.50552,                0.52056,                0.99121,                0.99288,                      1,                  0.995,                 0.9047,                0.44123,                 0.4123,                0.91827,              0.0014535,              0.0014535,              0.0014535
                    141,                0.49885,                  0.459,                0.93227,                0.99288,                      1,                  0.995,                 0.9047,                0.44123,                 0.4123,                0.91827,              0.0014496,              0.0014496,              0.0014496
                    142,                0.93646,                0.74818,                   1.28,                 0.9863,                      1,                  0.995,                0.89963,                0.41433,                0.43105,                0.89241,              0.0014456,              0.0014456,              0.0014456
                    143,                0.60655,                0.50624,                 1.0573,                0.98632,                      1,                  0.995,                0.91801,                0.40307,                0.38358,                 0.9108,              0.0014416,              0.0014416,              0.0014416
                    144,                0.53792,                0.51246,                 1.0074,                0.99249,                      1,                  0.995,                 0.9021,                0.40218,                0.32209,                0.92208,              0.0014377,              0.0014377,              0.0014377
                    145,                0.52667,                0.42716,                0.98314,                0.99249,                      1,                  0.995,                 0.9021,                0.40218,                0.32209,                0.92208,              0.0014337,              0.0014337,              0.0014337
                    146,                0.50836,                0.45681,                 1.0213,                0.99421,                      1,                  0.995,                0.89697,                0.43186,                0.34075,                0.93681,              0.0014298,              0.0014298,              0.0014298
                    147,                0.53502,                 0.5332,                 1.0653,                0.99426,                      1,                  0.995,                0.92583,                0.43796,                0.33418,                0.92536,              0.0014258,              0.0014258,              0.0014258
                    148,                0.50783,                 0.4151,                 1.0166,                0.99242,                      1,                  0.995,                0.94686,                  0.359,                 0.3415,                0.86737,              0.0014218,              0.0014218,              0.0014218
                    149,                0.52336,                0.43215,                0.94098,                0.99242,                      1,                  0.995,                0.94686,                  0.359,                 0.3415,                0.86737,              0.0014179,              0.0014179,              0.0014179
                    150,                0.43643,                0.56401,                0.98752,                0.99326,                      1,                  0.995,                0.95757,                0.33675,                0.39861,                0.83061,              0.0014139,              0.0014139,              0.0014139
                    151,                0.49977,                0.45835,                0.98633,                0.89855,                0.98553,                  0.984,                0.94376,                0.39089,                0.45333,                0.84729,                0.00141,                0.00141,                0.00141
                    152,                0.65658,                 0.5402,                 1.0789,                      1,                0.97786,                  0.995,                0.94344,                0.38771,                0.44143,                0.84126,               0.001406,               0.001406,               0.001406
                    153,                0.51575,                0.44059,                0.98875,                      1,                0.97786,                  0.995,                0.94344,                0.38771,                0.44143,                0.84126,               0.001402,               0.001402,               0.001402
                    154,                0.56259,                0.43457,                 1.0164,                      1,                0.98862,                  0.995,                0.93891,                0.37069,                0.47286,                0.83344,              0.0013981,              0.0013981,              0.0013981
                    155,                0.53825,                0.50562,                 1.0112,                 0.8876,                      1,                  0.984,                0.94027,                0.37402,                0.47192,                0.83414,              0.0013941,              0.0013941,              0.0013941
                    156,                0.49652,                0.71644,                 1.0263,                      1,                0.98378,                  0.995,                0.92221,                0.38491,                0.42706,                0.84507,              0.0013902,              0.0013902,              0.0013902
                    157,                 0.6399,                0.47745,                 1.0289,                      1,                0.98378,                  0.995,                0.92221,                0.38491,                0.42706,                0.84507,              0.0013862,              0.0013862,              0.0013862
                    158,                0.47441,                0.45882,                0.99545,                      1,                0.99527,                  0.995,                0.94209,                0.37823,                0.41234,                0.85109,              0.0013822,              0.0013822,              0.0013822
                    159,                0.52507,                  0.494,                 1.0192,                0.99534,                      1,                  0.995,                0.88586,                0.41438,                0.40579,                0.88174,              0.0013783,              0.0013783,              0.0013783
                    160,                0.61919,                0.46905,                 1.0796,                0.99391,                      1,                  0.995,                0.90041,                0.47194,                0.41535,                 0.9219,              0.0013743,              0.0013743,              0.0013743
                    161,                0.47797,                 0.4929,                 0.9675,                0.99391,                      1,                  0.995,                0.90041,                0.47194,                0.41535,                 0.9219,              0.0013704,              0.0013704,              0.0013704
                    162,                0.61705,                0.48952,                 1.0758,                0.99251,                      1,                  0.995,                0.91338,                0.48859,                0.39537,                0.92769,              0.0013664,              0.0013664,              0.0013664
                    163,                0.55328,                0.42669,                0.95319,                0.99259,                      1,                  0.995,                0.89825,                0.44285,                0.41335,                0.90234,              0.0013624,              0.0013624,              0.0013624
                    164,                0.62045,                0.48358,                0.96008,                0.99036,                      1,                  0.995,                0.89364,                0.40497,                0.40122,                0.88633,              0.0013585,              0.0013585,              0.0013585
                    165,                0.53177,                0.47872,                 1.0465,                0.99036,                      1,                  0.995,                0.89364,                0.40497,                0.40122,                0.88633,              0.0013545,              0.0013545,              0.0013545
                    166,                 0.5181,                0.40396,                 1.0064,                 0.9792,                      1,                  0.995,                0.90186,                0.36225,                0.39056,                0.86676,              0.0013506,              0.0013506,              0.0013506
                    167,                0.52254,                0.46633,                  1.007,                0.96454,                      1,                  0.995,                0.90408,                 0.3748,                0.40417,                0.86781,              0.0013466,              0.0013466,              0.0013466
                    168,                0.53989,                0.56296,                 1.0381,                0.95637,                      1,                  0.995,                 0.9005,                0.46281,                0.43748,                0.93959,              0.0013426,              0.0013426,              0.0013426
                    169,                 0.8781,                 0.7398,                 1.5472,                0.95637,                      1,                  0.995,                 0.9005,                0.46281,                0.43748,                0.93959,              0.0013387,              0.0013387,              0.0013387
                    170,                0.54434,                0.42201,                  1.043,                0.95407,                      1,                  0.995,                0.90274,                0.43395,                0.41116,                0.92989,              0.0013347,              0.0013347,              0.0013347
                    171,                0.46021,                0.41978,                 1.0127,                0.97633,                      1,                  0.995,                 0.9274,                0.37217,                 0.3661,                0.88715,              0.0013308,              0.0013308,              0.0013308
                    172,                0.74004,                0.70364,                 1.1402,                0.98933,                      1,                  0.995,                0.92694,                 0.3527,                0.34423,                0.85372,              0.0013268,              0.0013268,              0.0013268
                    173,                0.47533,                0.41654,                0.92081,                0.98933,                      1,                  0.995,                0.92694,                 0.3527,                0.34423,                0.85372,              0.0013228,              0.0013228,              0.0013228
                    174,                0.55535,                0.50938,                0.97376,                0.99198,                      1,                  0.995,                0.95323,                0.32809,                0.33483,                0.83199,              0.0013189,              0.0013189,              0.0013189
                    175,                0.52669,                0.49573,                 1.0215,                0.99211,                      1,                  0.995,                0.97182,                 0.3176,                0.32521,                0.82724,              0.0013149,              0.0013149,              0.0013149
                    176,                0.49258,                0.40622,                0.90239,                0.99173,                      1,                  0.995,                 0.9732,                0.30873,                0.32791,                0.82053,               0.001311,               0.001311,               0.001311
                    177,                0.50171,                0.66806,                 1.0331,                0.99173,                      1,                  0.995,                 0.9732,                0.30873,                0.32791,                0.82053,               0.001307,               0.001307,               0.001307
                    178,                0.53055,                0.50328,                  0.964,                0.99044,                      1,                  0.995,                0.96101,                0.37193,                0.29886,                0.85528,               0.001303,               0.001303,               0.001303
                    179,                0.86393,                0.54858,                 1.4563,                0.99034,                      1,                  0.995,                0.92406,                0.37631,                0.32015,                 0.8593,              0.0012991,              0.0012991,              0.0012991
                    180,                 0.4566,                0.38316,                0.95913,                0.99054,                      1,                  0.995,                 0.9352,                0.36413,                0.33264,                0.86103,              0.0012951,              0.0012951,              0.0012951
                    181,                0.58503,                0.58021,                 1.0025,                0.99054,                      1,                  0.995,                 0.9352,                0.36413,                0.33264,                0.86103,              0.0012912,              0.0012912,              0.0012912
                    182,                0.50583,                0.44227,                0.96947,                0.98791,                      1,                  0.995,                0.95256,                0.36815,                0.38601,                 0.8746,              0.0012872,              0.0012872,              0.0012872
                    183,                0.44772,                0.39336,                0.97869,                0.98598,                      1,                  0.995,                0.94428,                0.38313,                0.39105,                0.88458,              0.0012832,              0.0012832,              0.0012832
                    184,                0.65652,                0.75171,                 1.2139,                0.99128,                      1,                  0.995,                 0.9394,                0.38468,                0.35976,                  0.871,              0.0012793,              0.0012793,              0.0012793
                    185,                0.54653,                0.42259,                 1.0473,                0.99128,                      1,                  0.995,                 0.9394,                0.38468,                0.35976,                  0.871,              0.0012753,              0.0012753,              0.0012753
                    186,                0.50143,                0.38632,                 1.0016,                0.99405,                      1,                  0.995,                 0.9351,                 0.3503,                0.30175,                0.84203,              0.0012714,              0.0012714,              0.0012714
                    187,                0.46812,                0.38194,                0.94825,                 0.9948,                      1,                  0.995,                0.93882,                0.37345,                0.32416,                0.85304,              0.0012674,              0.0012674,              0.0012674
                    188,                0.61163,                0.46899,                 1.1016,                0.99474,                      1,                  0.995,                0.93465,                0.37186,                  0.321,                 0.8538,              0.0012634,              0.0012634,              0.0012634
                    189,                0.47496,                0.45748,                0.94226,                0.99474,                      1,                  0.995,                0.93465,                0.37186,                  0.321,                 0.8538,              0.0012595,              0.0012595,              0.0012595
                    190,                0.46131,                0.39347,                0.95676,                0.99431,                      1,                  0.995,                0.98406,                0.34737,                0.32148,                0.83716,              0.0012555,              0.0012555,              0.0012555
                    191,                0.50767,                 0.4192,                0.93175,                0.99437,                      1,                  0.995,                0.95574,                0.32215,                0.30727,                0.82856,              0.0012516,              0.0012516,              0.0012516
                    192,                0.53769,                0.44008,                 1.0007,                 0.9871,                      1,                  0.995,                0.94372,                0.34669,                0.31207,                0.83616,              0.0012476,              0.0012476,              0.0012476
                    193,                0.40902,                0.35066,                0.91131,                 0.9871,                      1,                  0.995,                0.94372,                0.34669,                0.31207,                0.83616,              0.0012436,              0.0012436,              0.0012436
                    194,                0.53529,                0.43556,                0.99643,                 0.8986,                      1,                  0.995,                0.96236,                0.40207,                0.38336,                0.86148,              0.0012397,              0.0012397,              0.0012397
                    195,                0.57801,                0.42122,                0.99889,                0.89552,                      1,                  0.984,                0.94244,                0.39061,                0.36729,                0.86091,              0.0012357,              0.0012357,              0.0012357
                    196,                0.49354,                0.37968,                0.99891,                0.99478,                      1,                  0.995,                0.94175,                0.35262,                0.31285,                0.85453,              0.0012318,              0.0012318,              0.0012318
                    197,                0.57126,                0.42809,                0.99664,                0.99478,                      1,                  0.995,                0.94175,                0.35262,                0.31285,                0.85453,              0.0012278,              0.0012278,              0.0012278
                    198,                0.53732,                0.58682,                 1.0735,                0.96471,                      1,                  0.995,                0.92962,                0.36414,                 0.3426,                0.85788,              0.0012238,              0.0012238,              0.0012238
                    199,                0.50436,                0.41511,                 1.0147,                0.96318,                      1,                  0.995,                0.94622,                0.37325,                0.36511,                0.86043,              0.0012199,              0.0012199,              0.0012199
                    200,                0.44372,                0.37816,                0.93848,                 0.9945,                      1,                  0.995,                0.94813,                0.33462,                0.33727,                0.83583,              0.0012159,              0.0012159,              0.0012159
                    201,                0.48527,                0.44201,                0.91361,                 0.9945,                      1,                  0.995,                0.94813,                0.33462,                0.33727,                0.83583,               0.001212,               0.001212,               0.001212
                    202,                0.43684,                0.37891,                  0.955,                0.99464,                      1,                  0.995,                0.97114,                0.33248,                0.31065,                0.82913,               0.001208,               0.001208,               0.001208
                    203,                0.52327,                0.49037,                 1.0804,                0.99469,                      1,                  0.995,                0.93161,                0.35124,                0.29791,                0.83706,               0.001204,               0.001204,               0.001204
                    204,                0.64396,                0.45991,                 1.1179,                0.99458,                      1,                  0.995,                0.93119,                0.38078,                0.29697,                 0.8565,              0.0012001,              0.0012001,              0.0012001
                    205,                0.46622,                0.39682,                 0.9614,                0.99458,                      1,                  0.995,                0.93119,                0.38078,                0.29697,                 0.8565,              0.0011961,              0.0011961,              0.0011961
                    206,                0.41653,                0.38091,                0.94418,                0.99451,                      1,                  0.995,                 0.9258,                0.41033,                0.29697,                0.87749,              0.0011922,              0.0011922,              0.0011922
                    207,                0.57148,                0.48912,                 1.0217,                0.99466,                      1,                  0.995,                0.93656,                0.41195,                0.32264,                0.87887,              0.0011882,              0.0011882,              0.0011882
                    208,                0.53349,                0.38854,                 1.0616,                0.99451,                      1,                  0.995,                  0.947,                0.38009,                0.30661,                0.85934,              0.0011842,              0.0011842,              0.0011842
                    209,                0.45272,                0.44921,                0.96629,                0.99451,                      1,                  0.995,                  0.947,                0.38009,                0.30661,                0.85934,              0.0011803,              0.0011803,              0.0011803
                    210,                0.51289,                0.36806,                 1.0389,                0.99446,                      1,                  0.995,                0.94672,                0.33541,                0.26347,                0.83562,              0.0011763,              0.0011763,              0.0011763
                    211,                0.38873,                 0.3686,                0.90907,                0.99441,                      1,                  0.995,                0.95356,                0.32406,                0.25634,                0.82913,              0.0011724,              0.0011724,              0.0011724
                    212,                0.43728,                0.34635,                  0.925,                0.99436,                      1,                  0.995,                0.96157,                0.32805,                0.27943,                0.83297,              0.0011684,              0.0011684,              0.0011684
                    213,                0.39982,                 0.3295,                0.90405,                0.99436,                      1,                  0.995,                0.96157,                0.32805,                0.27943,                0.83297,              0.0011644,              0.0011644,              0.0011644
                    214,                0.37025,                0.32733,                0.91646,                0.99436,                      1,                  0.995,                0.93971,                0.36616,                0.31193,                0.84621,              0.0011605,              0.0011605,              0.0011605
                    215,                0.50335,                0.38099,                0.98687,                0.99434,                      1,                  0.995,                0.93034,                 0.4313,                0.33293,                0.88192,              0.0011565,              0.0011565,              0.0011565
                    216,                0.39451,                0.33745,                0.91506,                0.99433,                      1,                  0.995,                0.93018,                0.45806,                0.33749,                   0.91,              0.0011526,              0.0011526,              0.0011526
                    217,                0.51262,                0.38768,                 1.0587,                0.99433,                      1,                  0.995,                0.93018,                0.45806,                0.33749,                   0.91,              0.0011486,              0.0011486,              0.0011486
                    218,                0.56135,                0.42503,                 1.0816,                0.99428,                      1,                  0.995,                0.89597,                0.47223,                0.34547,                 0.9338,              0.0011446,              0.0011446,              0.0011446
                    219,                 0.4181,                0.35734,                 0.9339,                 0.9939,                      1,                  0.995,                0.91879,                0.42581,                0.33978,                0.92437,              0.0011407,              0.0011407,              0.0011407
                    220,                0.37877,                0.33328,                0.91237,                0.99358,                      1,                  0.995,                0.90255,                0.42798,                0.31605,                0.92108,              0.0011367,              0.0011367,              0.0011367
                    221,                0.60491,                0.44122,                 1.0888,                0.99358,                      1,                  0.995,                0.90255,                0.42798,                0.31605,                0.92108,              0.0011328,              0.0011328,              0.0011328
                    222,                0.55429,                0.42549,                0.99316,                0.99324,                      1,                  0.995,                0.90111,                0.42111,                0.31952,                0.90624,              0.0011288,              0.0011288,              0.0011288
                    223,                0.44931,                0.38693,                0.98644,                0.99306,                      1,                  0.995,                0.90172,                0.39145,                0.30488,                0.87781,              0.0011248,              0.0011248,              0.0011248
                    224,                0.36913,                0.31739,                0.91952,                0.99262,                      1,                  0.995,                0.94136,                0.37479,                0.29711,                0.87656,              0.0011209,              0.0011209,              0.0011209
                    225,                0.37467,                0.33408,                0.91507,                0.99262,                      1,                  0.995,                0.94136,                0.37479,                0.29711,                0.87656,              0.0011169,              0.0011169,              0.0011169
                    226,                0.36987,                  0.339,                0.92768,                0.99225,                      1,                  0.995,                0.95646,                 0.3807,                0.30854,                 0.8787,               0.001113,               0.001113,               0.001113
                    227,                 0.4245,                0.36009,                0.90749,                0.98524,                      1,                  0.995,                0.95411,                 0.3954,                0.32397,                0.87912,               0.001109,               0.001109,               0.001109
                    228,                0.41351,                0.38506,                0.97556,                0.98726,                      1,                  0.995,                0.94128,                0.38239,                0.35937,                0.86403,               0.001105,               0.001105,               0.001105
                    229,                0.44001,                0.32245,                0.89341,                0.98726,                      1,                  0.995,                0.94128,                0.38239,                0.35937,                0.86403,              0.0011011,              0.0011011,              0.0011011
                    230,                0.38344,                0.39785,                0.93301,                0.98817,                      1,                  0.995,                0.93489,                0.37416,                0.38851,                0.86084,              0.0010971,              0.0010971,              0.0010971
                    231,                0.51055,                0.39982,                 1.0511,                0.98877,                      1,                  0.995,                0.95065,                0.40237,                0.44092,                 0.8841,              0.0010932,              0.0010932,              0.0010932
                    232,                0.44604,                0.32873,                0.95791,                0.98934,                      1,                  0.995,                0.93953,                0.41524,                0.44035,                  0.917,              0.0010892,              0.0010892,              0.0010892
                    233,                0.42442,                0.31953,                0.91089,                0.98934,                      1,                  0.995,                0.93953,                0.41524,                0.44035,                  0.917,              0.0010852,              0.0010852,              0.0010852
                    234,                0.47044,                0.34713,                0.87958,                0.98773,                      1,                  0.995,                0.92359,                0.42284,                0.39263,                 0.9567,              0.0010813,              0.0010813,              0.0010813
                    235,                0.43339,                0.32123,                0.93019,                0.98939,                      1,                  0.995,                0.93633,                0.41682,                0.34961,                0.94546,              0.0010773,              0.0010773,              0.0010773
                    236,                0.44696,                0.40333,                   1.04,                0.99232,                      1,                  0.995,                0.93652,                 0.3947,                0.34963,                0.91126,              0.0010734,              0.0010734,              0.0010734
                    237,                0.45051,                 0.4157,                0.94601,                0.99232,                      1,                  0.995,                0.93652,                 0.3947,                0.34963,                0.91126,              0.0010694,              0.0010694,              0.0010694
                    238,                0.41771,                0.37635,                0.95637,                0.99475,                      1,                  0.995,                0.92462,                  0.362,                0.36286,                0.86151,              0.0010654,              0.0010654,              0.0010654
                    239,                0.38391,                0.35347,                0.93587,                      1,                0.99804,                  0.995,                 0.9712,                0.31537,                0.37937,                0.82416,              0.0010615,              0.0010615,              0.0010615
                    240,                0.50045,                0.35081,                0.99015,                      1,                 0.9943,                  0.995,                0.95803,                0.32273,                0.44681,                0.83031,              0.0010575,              0.0010575,              0.0010575
                    241,                0.31355,                0.44061,                0.93762,                      1,                 0.9943,                  0.995,                0.95803,                0.32273,                0.44681,                0.83031,              0.0010536,              0.0010536,              0.0010536
                    242,                0.41524,                0.38588,                0.94555,                 0.9918,                0.88889,                  0.984,                0.94915,                 0.3625,                0.52376,                0.85085,              0.0010496,              0.0010496,              0.0010496
                    243,                0.43191,                0.36036,                0.89218,                0.89885,                0.98846,                  0.984,                0.96529,                0.37331,                0.51557,                0.85441,              0.0010456,              0.0010456,              0.0010456
                    244,                0.42877,                0.37544,                0.95833,                      1,                0.99463,                  0.995,                0.96066,                0.32922,                0.40078,                0.83073,              0.0010417,              0.0010417,              0.0010417
                    245,                0.41777,                0.33745,                0.96729,                      1,                0.99463,                  0.995,                0.96066,                0.32922,                0.40078,                0.83073,              0.0010377,              0.0010377,              0.0010377
                    246,                0.44871,                0.34138,                0.88329,                      1,                0.99936,                  0.995,                0.96555,                0.29747,                0.32381,                 0.8101,              0.0010338,              0.0010338,              0.0010338
                    247,                0.41017,                0.34072,                0.96265,                0.99432,                      1,                  0.995,                0.97371,                0.27608,                0.28161,                0.79378,              0.0010298,              0.0010298,              0.0010298
                    248,                0.39133,                0.32957,                 0.8849,                0.99446,                      1,                  0.995,                0.95834,                0.28124,                0.27403,                 0.7914,              0.0010258,              0.0010258,              0.0010258
                    249,                0.43179,                  0.361,                0.96464,                0.99446,                      1,                  0.995,                0.95834,                0.28124,                0.27403,                 0.7914,              0.0010219,              0.0010219,              0.0010219
                    250,                0.35338,                0.33231,                0.91174,                0.99443,                      1,                  0.995,                0.94423,                0.32358,                0.26965,                0.80862,              0.0010179,              0.0010179,              0.0010179
                    251,                0.40335,                0.35745,                0.88803,                0.99432,                      1,                  0.995,                0.94924,                0.36583,                0.27716,                 0.8363,               0.001014,               0.001014,               0.001014
                    252,                0.43733,                0.36335,                0.96094,                0.99377,                      1,                  0.995,                0.94666,                0.37899,                0.28755,                0.84875,                0.00101,                0.00101,                0.00101
                    253,                0.37237,                0.32971,                0.92732,                0.99377,                      1,                  0.995,                0.94666,                0.37899,                0.28755,                0.84875,               0.001006,               0.001006,               0.001006
                    254,                0.41375,                0.34473,                0.93146,                0.99325,                      1,                  0.995,                0.94667,                0.35009,                  0.294,                0.82931,              0.0010021,              0.0010021,              0.0010021
                    255,                0.40263,                0.33328,                  0.959,                0.99126,                      1,                  0.995,                0.96674,                0.32287,                0.28545,                0.80748,             0.00099812,             0.00099812,             0.00099812
                    256,                0.46189,                0.37493,                0.93992,                0.99321,                      1,                  0.995,                 0.9638,                0.30682,                0.26066,                0.79549,             0.00099416,             0.00099416,             0.00099416
                    257,                0.38964,                0.31206,                0.92009,                0.99321,                      1,                  0.995,                 0.9638,                0.30682,                0.26066,                0.79549,              0.0009902,              0.0009902,              0.0009902
                    258,                0.41347,                 0.3187,                0.93858,                0.99402,                      1,                  0.995,                0.96967,                0.30683,                0.25165,                0.79564,             0.00098624,             0.00098624,             0.00098624
                    259,                0.42361,                0.31013,                0.93558,                0.99438,                      1,                  0.995,                0.96984,                0.31229,                0.23156,                0.79762,             0.00098228,             0.00098228,             0.00098228
                    260,                0.37147,                0.34962,                 1.0016,                0.99456,                      1,                  0.995,                0.97005,                  0.312,                0.23082,                0.79522,             0.00097832,             0.00097832,             0.00097832
                    261,                0.39195,                0.32518,                0.97299,                0.99456,                      1,                  0.995,                0.97005,                  0.312,                0.23082,                0.79522,             0.00097436,             0.00097436,             0.00097436
                    262,                0.40766,                0.31544,                0.89551,                0.99454,                      1,                  0.995,                0.98291,                 0.3065,                0.23457,                0.79152,              0.0009704,              0.0009704,              0.0009704
                    263,                 0.3851,                0.32726,                0.93566,                0.99449,                      1,                  0.995,                0.98304,                 0.2898,                0.24344,                 0.7841,             0.00096644,             0.00096644,             0.00096644
                    264,                0.36326,                0.33314,                0.89901,                0.99445,                      1,                  0.995,                0.97372,                0.28411,                0.23815,                0.78413,             0.00096248,             0.00096248,             0.00096248
                    265,                0.37891,                0.28506,                0.85815,                0.99445,                      1,                  0.995,                0.97372,                0.28411,                0.23815,                0.78413,             0.00095852,             0.00095852,             0.00095852
                    266,                0.42716,                0.37477,                0.91252,                0.99454,                      1,                  0.995,                0.97384,                0.29241,                0.24992,                0.79201,             0.00095456,             0.00095456,             0.00095456
                    267,                  0.391,                0.27716,                0.92016,                0.99443,                      1,                  0.995,                0.97352,                0.28172,                0.25047,                0.78797,              0.0009506,              0.0009506,              0.0009506
                    268,                0.35527,                0.31369,                0.94644,                0.99446,                      1,                  0.995,                0.96904,                0.28148,                0.26599,                0.78829,             0.00094664,             0.00094664,             0.00094664
                    269,                0.40331,                0.34039,                0.86749,                0.99446,                      1,                  0.995,                0.96904,                0.28148,                0.26599,                0.78829,             0.00094268,             0.00094268,             0.00094268
                    270,                0.37699,                0.34159,                0.99124,                0.99448,                      1,                  0.995,                0.95538,                0.30373,                0.28337,                0.80363,             0.00093872,             0.00093872,             0.00093872
                    271,                0.35178,                0.32419,                0.95209,                0.99448,                      1,                  0.995,                0.94035,                0.33082,                0.28885,                0.82537,             0.00093476,             0.00093476,             0.00093476
                    272,                0.41358,                0.40435,                 1.0031,                0.99445,                      1,                  0.995,                0.91921,                0.35954,                0.29842,                0.84855,              0.0009308,              0.0009308,              0.0009308
                    273,                0.42439,                0.34463,                0.95856,                0.99445,                      1,                  0.995,                0.91921,                0.35954,                0.29842,                0.84855,             0.00092684,             0.00092684,             0.00092684
                    274,                0.40238,                0.36266,                0.90668,                0.99447,                      1,                  0.995,                0.90851,                0.38795,                 0.3079,                0.86982,             0.00092288,             0.00092288,             0.00092288
                    275,                0.46781,                 0.3541,                0.95415,                0.99429,                      1,                  0.995,                0.89484,                0.42438,                0.33458,                0.89699,             0.00091892,             0.00091892,             0.00091892
                    276,                0.55916,                0.44003,                0.99256,                 0.9941,                      1,                  0.995,                0.90623,                0.42322,                 0.3118,                 0.8914,             0.00091496,             0.00091496,             0.00091496
                    277,                0.36643,                0.32666,                0.96452,                 0.9941,                      1,                  0.995,                0.90623,                0.42322,                 0.3118,                 0.8914,               0.000911,               0.000911,               0.000911
                    278,                0.42715,                0.38166,                0.98503,                0.99367,                      1,                  0.995,                0.93256,                0.40766,                0.26996,                 0.8809,             0.00090704,             0.00090704,             0.00090704
                    279,                0.43364,                 0.3835,                 0.9604,                0.99272,                      1,                  0.995,                0.94871,                0.37887,                0.25923,                0.87508,             0.00090308,             0.00090308,             0.00090308
                    280,                0.50475,                0.34004,                0.99408,                0.99097,                      1,                  0.995,                0.95085,                0.36546,                0.29736,                 0.8892,             0.00089912,             0.00089912,             0.00089912
                    281,                0.34401,                0.27094,                0.91712,                0.99097,                      1,                  0.995,                0.95085,                0.36546,                0.29736,                 0.8892,             0.00089516,             0.00089516,             0.00089516
                    282,                0.45117,                0.35688,                0.96537,                0.98897,                      1,                  0.995,                 0.9506,                0.35749,                0.27306,                0.88787,              0.0008912,              0.0008912,              0.0008912
                    283,                0.37529,                0.34361,                0.96346,                0.98946,                      1,                  0.995,                0.96243,                0.34524,                0.27055,                0.86093,             0.00088724,             0.00088724,             0.00088724
                    284,                0.38386,                0.33372,                0.90392,                0.98867,                      1,                  0.995,                0.96232,                0.35291,                0.26605,                0.84881,             0.00088328,             0.00088328,             0.00088328
                    285,                 0.3703,                0.32903,                0.90282,                0.98867,                      1,                  0.995,                0.96232,                0.35291,                0.26605,                0.84881,             0.00087932,             0.00087932,             0.00087932
                    286,                 0.4033,                0.33776,                0.93955,                0.99051,                      1,                  0.995,                0.96236,                0.35084,                0.26244,                 0.8486,             0.00087536,             0.00087536,             0.00087536
                    287,                0.36485,                0.45378,                0.96088,                0.99121,                      1,                  0.995,                0.97088,                0.34679,                0.24953,                0.84957,              0.0008714,              0.0008714,              0.0008714
                    288,                0.39775,                0.38681,                0.98086,                0.99213,                      1,                  0.995,                0.96368,                0.32931,                0.25838,                0.84606,             0.00086744,             0.00086744,             0.00086744
                    289,                0.40436,                0.33962,                0.95848,                0.99213,                      1,                  0.995,                0.96368,                0.32931,                0.25838,                0.84606,             0.00086348,             0.00086348,             0.00086348
                    290,                0.38962,                0.30776,                 0.8751,                0.99368,                      1,                  0.995,                0.95001,                0.31367,                 0.2812,                0.83195,             0.00085952,             0.00085952,             0.00085952
